datetime,sys1__col1,sys2__col1,diff__col1,res__col1,anomaly__col1,sys1__col2,sys2__col2,diff__col2,res__col2,anomaly__col2,sys1__col3,sys2__col3,diff__col3,res__col3,anomaly__col3,anomaly,comments
2025-03-26 19:09:02.916903,11,1,-10,False,_,20,10,-10,False,_,30,20,-10,False,_,_,_
2025-03-26 19:08:24.222192,11,1,-10,False,_,20,10,-10,False,_,30,20,-10,False,_,_,_
2025-03-26 19:08:23.673128,11,1,-10,False,_,20,10,-10,False,_,30,20,-10,False,_,_,_
2025-03-26 19:08:23.457119,11,1,-10,False,_,20,10,-10,False,_,30,20,-10,False,_,_,_
2025-03-26 19:08:23.200851,11,1,-10,False,_,20,10,-10,False,_,30,20,-10,False,_,_,_
2025-03-26 19:08:22.513041,11,1,-10,False,_,20,10,-10,False,_,30,20,-10,False,_,_,_
2025-03-26 19:08:22.012802,11,1,-10,False,_,20,10,-10,False,_,30,20,-10,False,_,_,_
2025-03-26 19:08:21.431084,11,1,-10,False,_,20,10,-10,False,_,30,20,-10,False,_,_,_
2025-03-26 19:05:19.165428,11,1,-10,False,no,20,10,-10,False,no,30,20,-10,False,no,False,"_For column col1- no; Reason: There is no anomaly present for the first row for column col1 because the `anomaly__col1` value is `_`, which indicates no anomaly.,For column col2- no; Reason: Based on historical data, an anomaly is absent for the first row for column `col2` because the difference between `sys1__col2` and `sys2__col2` is `-10`, which is not significant enough to trigger an anomaly.,For column col3- no; Reason: Based on historical data, an anomaly is absent for the first row for column col3 because the value in the `anomaly__col3` column is '_', which indicates no anomaly.,"
2025-03-26 19:05:09.600941,11,1,-10,False,_,20,10,-10,False,_,30,20,-10,False,_,_,_
2025-03-25 22:13:49.363726,11,1,-10,False,_,20,10,-10,False,_,30,20,-10,False,_,_,_
2025-03-25 22:12:01.484992,11,1,-10,False,_,20,10,-10,False,_,30,20,-10,False,_,_,_
2025-03-25 22:11:50.368844,11,1,-10,False,_,20,10,-10,False,_,30,20,-10,False,_,_,_
2025-03-25 22:11:18.693837,11,1,-10,False,_,20,10,-10,False,_,30,20,-10,False,_,_,_
2025-03-25 22:11:14.144533,11,1,-10,False,_,20,10,-10,False,_,30,20,-10,False,_,_,_
2025-03-25 22:11:08.319464,11,1,-10,False,_,20,10,-10,False,_,30,20,-10,False,_,_,_
2025-03-25 21:55:28.224854,11,1,-10,False,_,20,10,-10,False,_,30,20,-10,False,_,_,_
2025-03-25 21:55:04.897479,11,1,-10,False,_,20,10,-10,False,_,30,20,-10,False,_,_,_
2025-03-25 21:54:16.172521,11,1,-10,False,_,20,10,-10,False,_,30,20,-10,False,_,_,_
2025-03-25 18:38:20.767697,11,1,-10,False,_,20,10,-10,False,_,30,20,-10,False,_,_,_
2025-03-25 18:38:20.030046,11,1,-10,False,_,20,10,-10,False,_,30,20,-10,False,_,_,_
2025-03-25 18:38:17.639410,11,1,-10,False,_,20,10,-10,False,_,30,20,-10,False,_,_,_
2025-03-25 18:24:50.873353,11,1,-10,False,no,20,10,-10,False,no,30,20,-10,False,no,False,"_For column col1- no; Reason: Based on historical data, an anomaly is absent for the first row for column col1 because the difference between 'sys1__col1' and 'sys2__col1' is -10, which is likely within a certain threshold.,For column col2- no; Reason: The anomaly is absent for the first row for column col2 because the anomaly detection logic is based on criteria beyond just the difference between sys1 and sys2 columns, and the specific conditions for marking an anomaly as '_' or 'no' are not clear from the provided data.,For column col3- no; Reason: The anomaly is absent for the first row for column col3 because the difference between 'sys1__col3' and 'sys2__col3' is -10, which is within some predetermined threshold for what is considered normal.,"
2025-03-25 18:24:31.651938,11,1,-10,False,no,20,10,-10,False,no,30,20,-10,False,no,False,_
2025-03-25 18:20:42.164791,11,1,-10,False,_,20,10,-10,False,_,30,20,-10,False,_,_,_
2025-03-25 18:19:19.312967,21,1,-20,False,_,30,10,-20,False,_,40,20,-20,False,_,_,_
2025-03-25 18:18:24.047036,21,1,-20,False,_,30,10,-20,False,_,40,20,-20,False,_,_,_
2025-03-25 18:16:55.043625,21,1,-20,False,_,30,10,-20,False,_,40,20,-20,False,_,_,_
2025-03-25 18:16:42.228970,21,1,-20,False,no,30,10,-20,False,no,40,20,-20,False,no,False,_
